Time stamp,CPU Usage,Memory Usage,Control command sent,Encoder position,CPU Temperature,Packets sent,Packets received
2.0761404037475586,0.6,31.9,20495755149.50824,0.0,37.0,402,366
2.2758872509002686,0.4,31.9,20495755122.916473,457.0,37.0,440,404
2.4761648178100586,0.0,31.9,20495755081.795628,1601.0,37.0,474,441
2.676097869873047,1.2,31.9,20495755080.550358,2782.0,37.0,511,476
2.87735652923584,0.4,31.9,20495755081.614475,3956.0,37.0,541,506
3.077305555343628,0.8,31.9,20495755081.406334,5131.0,37.0,592,553
3.27734637260437,1.6,31.9,20495755101.9143,5986.0,37.0,628,590
3.4043936729431152,0.7,31.9,20495755040.481983,7139.0,37.0,650,614
3.6179070472717285,0.4,31.9,20495755117.587234,7808.0,37.0,701,657
3.8101630210876465,0.4,31.9,20495755078.500168,8985.0,37.0,735,692
4.016041278839111,0.8,31.9,20495755086.422016,10141.0,37.0,782,735
4.2196455001831055,0.0,31.9,20495755084.48092,11314.0,37.0,822,773
4.431325674057007,0.4,31.9,20495755088.327374,12474.0,38.0,861,812
4.628333568572998,0.4,31.9,20495755084.42758,13625.0,38.0,901,847
4.833061456680298,0.8,31.9,20495755086.731808,14781.0,38.0,938,887
5.038348913192749,0.0,31.9,20495755087.03093,15935.0,38.0,984,933
5.243507623672485,0.4,31.9,20495755087.422146,17089.0,38.0,1026,973
5.447955131530762,1.2,31.9,20495755087.211533,18249.0,37.0,1063,1013
5.614856481552124,0.0,31.9,20495755070.80881,19411.0,37.0,1097,1045
5.857271432876587,0.3,31.9,20495755122.326336,20125.0,37.0,1136,1084
6.06244421005249,0.8,31.8,20495755075.302795,21487.0,37.0,1186,1130
6.267024040222168,0.0,31.8,20495755088.068447,22662.0,37.0,1219,1163
6.464386224746704,0.0,31.8,20495755068.92189,24093.0,35.0,1260,1202
12.206762075424194,0.3,31.8,20495755098.480427,55714.0,37.0,2256,2133
12.411112546920776,0.0,31.8,20495755089.840824,56985.0,37.0,2295,2175
12.616008520126343,0.4,31.8,20495755096.97525,58147.0,37.0,2345,2219
12.819597721099854,0.4,31.8,20495755096.47592,59309.0,37.0,2383,2254
13.025334119796753,0.8,31.8,20495755097.90313,60466.0,37.0,2429,2296
13.235172271728516,0.4,31.8,20495755099.617928,61621.0,37.0,2469,2334
13.43538761138916,0.4,31.8,20495755096.527363,62775.0,37.0,2510,2375
13.582141160964966,0.0,31.8,20495755070.207363,63928.0,37.0,2541,2405
13.694251298904419,0.7,31.8,20495755100.132126,64552.0,37.0,2564,2428
13.884516716003418,0.4,31.8,20495755128.025696,65177.0,37.0,2592,2457
14.048990488052368,0.5,31.8,20495755079.039833,66349.0,37.0,2637,2500
14.259394884109497,0.8,31.8,20495755121.31577,67170.0,37.0,2663,2526
14.464840173721313,0.0,31.8,20495755098.17801,68348.0,37.0,2708,2573
14.582445859909058,0.7,31.8,20495755046.07659,69502.0,37.0,2746,2606
14.694080591201782,0.8,31.8,20495755101.578243,70134.0,37.0,2774,2634
14.868523836135864,0.9,31.8,20495755125.623924,70759.0,37.0,2803,2665
15.080683708190918,0.8,31.8,20495755102.090622,71914.0,37.0,2855,2713
15.277711629867554,0.0,31.8,20495755097.27263,73075.0,37.0,2897,2756
15.459997653961182,0.9,31.8,20495755084.084194,74341.0,37.0,2932,2789
15.59227466583252,0.0,31.8,20495755105.43244,75044.0,37.0,2967,2819
15.876226425170898,0.9,31.8,20495755139.60714,75781.0,37.0,3012,2862
16.10035276412964,0.0,31.8,20495755073.566914,77539.0,37.0,3066,2912
16.285985946655273,0.5,31.8,20495755094.264046,78712.0,37.0,3102,2948
16.487863302230835,0.4,31.8,20495755100.725685,79873.0,37.0,3132,2979
16.66842031478882,0.5,31.8,20495755092.60059,81033.0,37.0,3167,3013
16.887269496917725,0.8,31.8,20495755129.57276,81798.0,37.0,3203,3050
17.08688735961914,0.0,31.8,20495755096.01438,83030.0,37.0,3256,3102
17.287550449371338,0.0,31.8,20495755100.8105,84202.0,37.0,3296,3145
17.487762689590454,0.8,31.8,20495755102.00278,85357.0,37.0,3329,3178
17.68811273574829,0.0,31.8,20495755101.50216,86525.0,37.0,3366,3213
17.838537216186523,1.7,31.8,20495755077.60473,87681.0,37.0,3393,3241
18.088418006896973,0.3,31.8,20495755134.952446,88487.0,37.0,3445,3290
18.288217306137085,0.4,31.8,20495755096.82992,89727.0,37.0,3488,3334
18.45995569229126,1.0,31.8,20495755090.77613,90890.0,37.0,3520,3364
18.69029927253723,1.1,31.8,20495755113.186726,92041.0,37.0,3570,3408
18.876792430877686,0.0,31.8,20495755097.67881,93206.0,37.0,3608,3444
19.034427881240845,0.5,31.8,20495755083.86047,94361.0,37.0,3646,3479
19.17412567138672,1.8,31.8,20495755119.982685,94994.0,37.0,3675,3506
19.289028644561768,0.7,31.8,20495755089.966274,95777.0,37.0,3700,3530
19.422951698303223,0.6,31.8,20495755115.356823,96430.0,37.0,3728,3556
19.586910009384155,0.0,31.8,20495755120.32727,97163.0,37.0,3763,3590
19.791457176208496,0.0,31.8,20495755104.86417,98333.0,35.0,3795,3622
19.98236584663391,0.0,31.8,20495755092.679237,99618.0,35.0,3827,3654
20.111889839172363,1.3,31.8,20495755107.05084,100351.0,35.0,3866,3689
20.23109269142151,0.0,31.8,20495755103.36372,101046.0,35.0,3886,3709
20.346834421157837,1.4,31.8,20495755105.90913,101707.0,35.0,3909,3734
20.459176301956177,0.0,31.8,20495755107.51555,102331.0,35.0,3928,3754
20.570976495742798,0.7,31.8,20495755106.498833,102965.0,35.0,3958,3786
20.686999320983887,0.7,31.8,20495755110.0986,103590.0,35.0,3980,3814
20.81174349784851,0.7,31.8,20495755112.038994,104244.0,35.0,4002,3842
20.95157742500305,1.2,31.8,20495755113.782402,104960.0,35.0,4026,3870
21.083160400390625,0.0,31.8,20495755093.992565,105841.0,35.0,4062,3901
21.201332569122314,1.4,31.8,20495755112.793312,106468.0,35.0,4085,3925
21.327592372894287,0.0,31.8,20495755106.98594,107181.0,35.0,4111,3952
21.447824478149414,0.0,31.8,20495755108.581944,107854.0,35.0,4133,3974
21.5677649974823,0.7,31.8,20495755108.817093,108524.0,35.0,4171,4004
21.690974473953247,0.0,31.8,20495755109.745415,109205.0,35.0,4195,4027
21.832123517990112,0.0,31.8,20495755119.5474,109878.0,38.0,4217,4050
22.037025928497314,0.8,31.8,20495755130.667206,110677.0,38.0,4263,4090
22.242241859436035,0.8,31.8,20495755109.277374,111832.0,38.0,4301,4127
22.44714856147766,0.4,31.8,20495755109.56828,112995.0,38.0,4340,4166
22.65176796913147,0.4,31.8,20495755110.005543,114155.0,38.0,4379,4203
22.856245279312134,0.4,31.8,20495755109.847717,115322.0,37.0,4413,4237
23.06146740913391,0.8,31.8,20495755110.45897,116483.0,37.0,4464,4284
23.266321897506714,0.4,31.8,20495755110.528603,117645.0,37.0,4497,4318
23.471166610717773,0.8,31.8,20495755111.110653,118804.0,37.0,4534,4360
23.676283836364746,0.0,31.8,20495755111.41621,119963.0,37.0,4573,4397
23.88044810295105,0.8,31.8,20495755107.33621,121185.0,37.0,4605,4431
24.085665702819824,0.8,31.8,20495755111.50763,122350.0,37.0,4654,4477
24.28994607925415,1.2,31.8,20495755111.483967,123512.0,37.0,4693,4517
24.463494062423706,0.5,31.8,20495755091.969387,124766.0,37.0,4727,4551
24.692623376846313,0.4,31.8,20495755149.564117,125391.0,37.0,4772,4591
24.876469612121582,0.5,31.8,20495755094.945484,126680.0,37.0,4809,4627
25.109309911727905,0.7,31.8,20495755123.530067,127812.0,37.0,4863,4677
25.29306125640869,0.5,31.8,20495755106.009182,128958.0,37.0,4899,4713
25.493815898895264,1.2,31.8,20495755113.867443,130092.0,37.0,4931,4746
25.693523168563843,0.0,31.8,20495755113.179993,131234.0,37.0,4971,4784
25.89434027671814,0.8,31.8,20495755112.054497,132403.0,37.0,5002,4815
26.094059705734253,0.4,31.8,20495755131.55672,133262.0,37.0,5046,4855
26.29831051826477,0.4,31.8,20495755115.86503,134397.0,37.0,5087,4899
26.496484756469727,0.0,31.8,20495755113.431656,135550.0,37.0,5120,4932
26.697774171829224,0.8,31.8,20495755114.725754,136699.0,37.0,5159,4968
26.898972749710083,0.4,31.8,20495755115.406307,137843.0,37.0,5197,5004
27.111128091812134,0.8,31.8,20495755117.7148,139012.0,37.0,5249,5055
27.29483962059021,0.0,31.8,20495755124.623123,139930.0,37.0,5284,5090
27.460022926330566,0.0,31.8,20495755100.08687,141078.0,37.0,5320,5124
27.592056035995483,0.6,31.8,20495755112.666763,141872.0,37.0,5356,5154
27.77244782447815,0.0,31.8,20495755137.7003,142592.0,37.0,5382,5181
27.978535652160645,1.2,31.8,20495755117.509796,143744.0,37.0,5426,5219
28.182294130325317,0.0,31.8,20495755117.738132,144895.0,37.0,5475,5264
28.38740062713623,1.2,31.8,20495755117.857876,146054.0,37.0,5514,5303
28.592101097106934,0.4,31.8,20495755118.720577,147205.0,37.0,5551,5338
28.796810626983643,0.0,31.8,20495755118.32121,148363.0,37.0,5584,5371
29.002106189727783,1.2,31.8,20495755118.625916,149521.0,37.0,5627,5412
29.207037687301636,0.0,31.8,20495755119.1253,150675.0,37.0,5668,5451
35.56023979187012,0.3,31.9,20495755133.508514,184701.0,37.0,6794,6528
35.76124596595764,0.4,31.8,20495755088.909534,186487.0,37.0,6827,6561
35.90417456626892,1.2,31.8,20495755128.08648,187327.0,37.0,6850,6583
36.10427403450012,0.4,31.8,20495755128.945293,188463.0,37.0,6901,6630
36.30387473106384,0.4,31.8,20495755155.59127,189183.0,37.0,6936,6665
36.46025776863098,0.0,31.8,20495755109.656853,190311.0,37.0,6968,6695
36.58050322532654,1.4,31.8,20495755117.67753,191116.0,37.0,7001,6723
36.70480298995972,0.7,31.8,20495755132.565567,191800.0,37.0,7024,6745
36.87806010246277,1.0,31.8,20495755153.54749,192460.0,37.0,7055,6774
37.10475277900696,0.7,31.8,20495755139.396244,193586.0,37.0,7107,6821
37.3056755065918,0.4,31.8,20495755125.52986,194815.0,37.0,7148,6861
37.50576686859131,0.4,31.8,20495755131.475315,195952.0,37.0,7183,6897
37.70598030090332,0.4,31.8,20495755130.748005,197103.0,36.0,7220,6932
37.90584588050842,0.4,31.8,20495755152.81183,197909.0,36.0,7252,6964
38.10627508163452,0.8,31.8,20495755131.738117,199053.0,36.0,7301,7009
38.305397510528564,0.4,31.8,20495755131.31845,200212.0,36.0,7339,7050
38.505906105041504,0.4,31.8,20495755132.881435,201354.0,36.0,7369,7081
38.70693397521973,0.0,31.8,20495755133.286427,202497.0,36.0,7413,7122
38.86470031738281,0.0,31.8,20495755113.423756,203643.0,37.0,7439,7150
39.037922382354736,0.5,31.8,20495755161.227215,204254.0,37.0,7475,7184
39.24342060089111,0.0,31.8,20495755135.038742,205391.0,37.0,7515,7223
39.4481463432312,0.0,31.8,20495755136.302593,206523.0,37.0,7554,7262
39.65258765220642,0.4,31.8,20495755136.202404,207662.0,37.0,7605,7305
39.85809779167175,2.0,31.8,20495755129.560017,208916.0,37.0,7639,7339
40.06326746940613,0.4,31.8,20495755158.270153,209707.0,37.0,7693,7386
40.26727747917175,0.4,31.8,20495755134.80663,210877.0,37.0,7723,7416
40.47192907333374,0.4,31.8,20495755137.308964,212023.0,37.0,7760,7454
40.67649173736572,0.0,31.8,20495755137.594536,213168.0,37.0,7806,7498
40.882123947143555,1.2,31.8,20495755138.177635,214307.0,37.0,7839,7531
41.0876727104187,0.4,31.8,20495755139.21247,215440.0,37.0,7889,7577
41.29169535636902,1.2,31.8,20495755138.67805,216575.0,37.0,7928,7619
41.496039628982544,0.0,31.8,20495755138.57603,217722.0,37.0,7959,7650
41.70082497596741,0.8,31.9,20495755139.429737,218858.0,37.0,8002,7691
41.90578746795654,0.4,31.9,20495755140.289547,219990.0,37.0,8037,7727
42.108484745025635,0.4,31.9,20495755139.361656,221123.0,37.0,8088,7773
42.309542655944824,0.4,31.9,20495755138.47137,222268.0,37.0,8128,7813
42.461021184921265,0.6,31.9,20495755139.20766,223122.0,37.0,8157,7841
42.70914626121521,0.3,31.9,20495755152.97004,224262.0,37.0,8206,7884
42.879130601882935,1.5,31.9,20495755124.53488,225426.0,37.0,8241,7918
43.55038142204285,0.1,31.9,20495755140.790123,229216.0,37.0,8365,8038
43.72382569313049,0.5,31.9,20495755159.709454,229939.0,37.0,8394,8067
43.910749197006226,0.4,31.9,20495755135.568478,231075.0,37.0,8421,8097
44.11072754859924,0.0,31.9,20495755160.359924,231912.0,37.0,8470,8142
44.31858229637146,0.4,31.9,20495755142.999474,233069.0,37.0,8509,8184
44.51119565963745,0.0,31.9,20495755137.441513,234235.0,37.0,8541,8217
44.71200108528137,0.4,31.9,20495755141.666412,235390.0,37.0,8584,8259
44.91155123710632,0.8,31.9,20495755142.079933,236534.0,37.0,8617,8293
45.11173605918884,0.8,31.9,20495755142.3292,237678.0,37.0,8666,8341
45.31188106536865,0.0,31.9,20495755160.928387,238532.0,37.0,8701,8376
45.46094512939453,0.0,31.9,20495755117.37299,239677.0,37.0,8730,8403
45.57410717010498,1.5,31.9,20495755133.113144,240423.0,37.0,8765,8432
45.71229815483093,0.6,31.9,20495755158.956944,241042.0,37.0,8789,8456
46.41167974472046,0.2,31.9,20495755162.638668,244054.0,37.0,8916,8581
46.617159605026245,1.2,31.9,20495755112.737663,245757.0,37.0,8952,8615
46.82156801223755,1.6,31.9,20495755146.830574,246914.0,37.0,8986,8650
47.02639174461365,1.6,31.9,20495755146.479145,248066.0,37.0,9030,8694
47.23151445388794,1.2,31.9,20495755145.823215,249235.0,37.0,9075,8739
47.43685293197632,0.4,31.9,20495755147.407253,250384.0,37.0,9115,8782
47.64167141914368,0.8,31.9,20495755148.147938,251521.0,37.0,9156,8822
47.84563136100769,0.8,31.9,20495755148.060204,252661.0,37.0,9191,8859
48.050854206085205,0.8,31.9,20495755148.402084,253805.0,37.0,9231,8897
48.25572156906128,0.0,31.9,20495755148.94881,254943.0,37.0,9267,8931
48.460230350494385,0.0,31.9,20495755149.07369,256082.0,37.0,9313,8974
48.665403842926025,0.4,31.9,20495755148.845566,257232.0,37.0,9359,9015
48.870004415512085,0.4,31.9,20495755167.884068,258077.0,37.0,9391,9049
49.07512855529785,0.4,31.9,20495755150.4398,259210.0,37.0,9446,9102
49.27985763549805,0.0,31.9,20495755150.57842,260354.0,37.0,9484,9144
49.4847309589386,0.8,31.9,20495755145.669468,261579.0,35.0,9517,9178
49.68905687332153,0.8,31.9,20495755151.343082,262716.0,35.0,9559,9218
49.894150257110596,0.4,31.9,20495755151.658848,263853.0,35.0,9592,9251
50.09932470321655,0.8,31.9,20495755144.347942,265113.0,35.0,9641,9296
50.30369830131531,0.0,31.9,20495755170.47111,265953.0,35.0,9680,9343
50.508591175079346,0.0,31.9,20495755152.279274,267090.0,35.0,9710,9373
50.7133846282959,0.8,31.9,20495755152.771824,268231.0,35.0,9755,9417
50.9153254032135,0.4,31.9,20495755147.2893,269448.0,35.0,9787,9450
51.11491060256958,0.4,31.9,20495755151.703316,270587.0,35.0,9836,9495
51.31579303741455,0.4,31.9,20495755152.031868,271727.0,35.0,9873,9532
51.71629023551941,0.0,31.9,20495755177.76921,273218.0,37.0,9953,9607
51.87819266319275,2.0,31.9,20495755091.075665,274927.0,37.0,9983,9637
52.11632490158081,0.4,31.9,20495755185.07191,275707.0,37.0,10038,9688
52.31788659095764,0.4,31.9,20495755142.03728,277029.0,37.0,10076,9726
52.51717710494995,0.8,31.9,20495755153.120987,278181.0,37.0,10109,9764
52.71795678138733,0.8,31.9,20495755153.850353,279328.0,35.0,10148,9800
52.91725564002991,1.2,31.9,20495755153.99929,280470.0,35.0,10182,9835
53.11791396141052,0.4,31.9,20495755153.258686,281633.0,35.0,10230,9880
53.31784462928772,0.8,31.9,20495755150.9884,282831.0,35.0,10269,9923
53.51808738708496,0.4,31.9,20495755177.414803,283617.0,35.0,10295,9951
53.6835150718689,1.5,31.9,20495755140.11978,284753.0,35.0,10347,9997
53.91856336593628,0.0,31.9,20495755167.402523,285881.0,37.0,10388,10042
54.118714809417725,0.4,31.9,20495755155.279213,287028.0,37.0,10437,10087
54.318501710891724,0.8,31.9,20495755155.87659,288175.0,37.0,10477,10126
54.47094535827637,0.0,31.9,20495755133.88412,289314.0,37.0,10510,10158
54.66454339027405,0.4,31.9,20495755188.787518,289931.0,37.0,10556,10198
54.8102970123291,0.0,31.8,20495755123.382164,291135.0,37.0,10581,10225
54.92359280586243,2.9,31.9,20495755155.43086,291806.0,37.0,10608,10248
55.11983895301819,0.0,31.9,20495755189.863583,292416.0,37.0,10653,10290
55.31947994232178,0.8,31.8,20495755157.226345,293552.0,37.0,10693,10329
55.5196795463562,0.4,31.8,20495755158.020313,294697.0,37.0,10732,10366
55.663731813430786,0.0,31.8,20495755128.227863,295859.0,37.0,10756,10390
55.775310754776,0.0,31.8,20495755162.238358,296470.0,37.0,10779,10414
55.887521743774414,0.0,31.8,20495755159.96682,297091.0,37.0,10797,10431
56.00390434265137,0.0,31.8,20495755163.695087,297704.0,35.0,10827,10460
56.119463205337524,0.7,31.8,20495755161.4463,298333.0,35.0,10856,10486
56.25311279296875,0.0,31.8,20495755168.9136,298986.0,35.0,10874,10505
56.367249488830566,0.7,31.8,20495755149.580338,299715.0,35.0,10900,10533
56.47972106933594,0.0,31.8,20495755163.261795,300322.0,35.0,10923,10557
56.60627627372742,1.3,31.8,20495755170.01976,300934.0,35.0,10953,10587
56.720070600509644,0.7,31.8,20495755152.588184,301639.0,35.0,10977,10609
56.835715770721436,0.0,31.8,20495755164.979992,302251.0,35.0,10998,10633
56.951703786849976,1.4,31.8,20495755159.885128,302908.0,35.0,11017,10653
57.063934326171875,0.0,31.8,20495755164.11397,303510.0,35.0,11052,10685
57.17603158950806,1.5,31.8,20495755160.895947,304139.0,35.0,11075,10707
57.28709363937378,1.5,31.8,20495755163.847225,304742.0,35.0,11098,10731
57.41990375518799,0.0,31.8,20495755170.102364,305394.0,35.0,11120,10752
57.531367778778076,0.7,31.8,20495755154.31239,306082.0,35.0,11161,10785
57.64313554763794,0.8,31.8,20495755163.9206,306693.0,35.0,11177,10803
57.75979804992676,0.0,31.8,20495755164.412647,307324.0,35.0,11201,10824
57.88422608375549,0.7,31.8,20495755165.464523,307990.0,35.0,11229,10853
57.99528384208679,1.5,31.8,20495755160.999504,308623.0,35.0,11258,10880
58.10822772979736,0.7,31.8,20495755164.786865,309237.0,37.0,11284,10906
58.223623752593994,0.7,31.8,20495755165.743526,309855.0,37.0,11307,10929
58.34014010429382,0.0,31.8,20495755165.341496,310487.0,37.0,11331,10952
58.455666303634644,0.7,31.8,20495755164.00284,311125.0,37.0,11349,10972
58.59184002876282,0.6,31.8,20495755174.56683,311767.0,37.0,11379,10999
58.70410895347595,1.5,31.8,20495755150.948704,312503.0,37.0,11396,11016
58.81592392921448,0.7,31.8,20495755165.261017,313122.0,37.0,11416,11038
58.932557582855225,0.7,31.8,20495755167.95695,313736.0,37.0,11441,11064
59.0481915473938,0.0,31.8,20495755165.36825,314371.0,37.0,11468,11090
59.16404676437378,1.4,31.8,20495755163.8697,315022.0,37.0,11494,11114
59.27974271774292,0.0,31.8,20495755166.649513,315650.0,37.0,11515,11136
59.40803074836731,1.3,31.8,20495755172.58497,316287.0,37.0,11540,11163
59.52327299118042,0.0,31.8,20495755158.567802,316986.0,37.0,11567,11186
59.66225266456604,0.0,31.8,20495755168.851574,317724.0,37.0,11592,11212
59.923638343811035,0.6,31.8,20495755204.270576,318389.0,37.0,11636,11257
60.12400937080383,0.4,31.8,20495755146.192066,319825.0,37.0,11688,11305
60.324039459228516,0.0,31.8,20495755166.12257,320965.0,37.0,11723,11341
60.46132206916809,0.6,31.8,20495755131.43964,322116.0,37.0,11748,11365
60.72459816932678,0.6,31.8,20495755207.68677,322757.0,37.0,11810,11422
60.88827562332153,0.5,31.8,20495755104.27477,324479.0,37.0,11845,11456
61.12595081329346,0.4,31.8,20495755206.678802,325099.0,37.0,11894,11501
61.324729204177856,0.0,31.8,20495755154.472538,326420.0,37.0,11933,11541
61.525968074798584,0.8,31.8,20495755168.065823,327561.0,35.0,11973,11581
61.725987672805786,0.8,31.8,20495755155.910816,328884.0,35.0,12004,11612
61.92626428604126,0.0,31.8,20495755165.662773,330060.0,35.0,12035,11644
62.12602353096008,0.0,31.8,20495755191.959053,330818.0,35.0,12083,11690
62.32623219490051,1.3,31.8,20495755167.45546,331963.0,35.0,12132,11739
62.46057653427124,1.8,31.8,20495755133.77614,333104.0,35.0,12161,11769
62.594706296920776,1.3,31.8,20495755182.8761,333723.0,35.0,12195,11808
62.727389335632324,1.3,31.8,20495755168.69685,334474.0,35.0,12220,11833
62.865861654281616,0.0,31.8,20495755163.098846,335323.0,35.0,12248,11860
63.00388026237488,1.2,31.8,20495755181.92901,335972.0,35.0,12285,11897
63.127846002578735,0.7,31.8,20495755165.54151,336707.0,35.0,12312,11920
63.2408561706543,0.0,31.8,20495755164.56058,337394.0,35.0,12331,11941
63.356475591659546,0.0,31.8,20495755172.108788,338030.0,35.0,12361,11971
63.52780556678772,1.0,31.8,20495755184.843906,338798.0,35.0,12407,12008
63.64040446281433,0.7,31.8,20495755152.231003,339588.0,35.0,12430,12032
63.75280237197876,0.7,31.8,20495755174.391575,340197.0,35.0,12448,12049
63.86751580238342,0.7,31.8,20495755173.80356,340812.0,35.0,12470,12072
63.98100304603577,0.7,31.8,20495755171.710545,341447.0,35.0,12499,12099
64.09669613838196,0.7,31.9,20495755172.958076,342083.0,35.0,12534,12133
64.21316146850586,1.4,31.9,20495755174.09183,342712.0,35.0,12556,12155
64.33215975761414,0.0,31.9,20495755176.30432,343338.0,35.0,12585,12183
64.45207047462463,0.7,31.9,20495755170.587013,344025.0,35.0,12607,12202
64.56439161300659,2.2,32.0,20495755172.123844,344655.0,35.0,12633,12225
64.67823529243469,0.7,32.0,20495755175.001484,345269.0,35.0,12656,12248
64.7963137626648,0.7,32.0,20495755172.734066,345929.0,35.0,12674,12267
64.90892362594604,1.5,32.0,20495755174.06611,346548.0,35.0,12694,12286
65.02883577346802,0.0,32.0,20495755178.14972,347170.0,35.0,12728,12320
65.15641260147095,9.3,31.9,20495755177.09464,347846.0,35.0,12756,12342
65.26892828941345,0.7,31.9,20495755167.248478,348527.0,35.0,12775,12363
65.37879347801208,0.0,31.9,20495755173.4751,349143.0,35.0,12808,12401
65.49295663833618,1.5,31.9,20495755176.213806,349760.0,35.0,12827,12422
65.60488724708557,0.7,31.9,20495755174.87565,350376.0,35.0,12855,12450
65.7167661190033,0.0,31.9,20495755175.25543,350992.0,37.0,12871,12466
65.832674741745,0.7,31.9,20495755177.10311,351613.0,37.0,12892,12488
65.95264434814453,0.7,31.9,20495755178.410164,352246.0,37.0,12916,12512
66.06523895263672,1.5,31.9,20495755170.93292,352906.0,37.0,12950,12542
66.17739987373352,0.7,31.9,20495755176.033756,353522.0,37.0,12970,12561
66.28878426551819,0.0,31.9,20495755175.749332,354138.0,37.0,12998,12590
66.40526509284973,1.4,31.9,20495755178.843338,354754.0,37.0,13016,12608
66.529123544693,0.7,31.9,20495755179.454895,355405.0,37.0,13054,12639
66.64547514915466,0.7,31.9,20495755172.76545,356080.0,37.0,13076,12662
66.76158475875854,2.1,31.9,20495755177.412285,356713.0,37.0,13096,12680
66.87312889099121,1.5,31.9,20495755173.866558,357355.0,37.0,13116,12702
66.98536562919617,0.7,31.9,20495755176.90092,357974.0,37.0,13139,12724
67.10266256332397,1.4,31.9,20495755180.789425,358586.0,37.0,13178,12757
67.22932624816895,0.7,31.9,20495755183.40691,359223.0,37.0,13198,12777
67.34108805656433,0.7,31.9,20495755167.72546,359922.0,37.0,13227,12805
67.45325040817261,0.0,31.9,20495755177.72659,360543.0,37.0,13244,12824
67.57266354560852,0.7,31.9,20495755183.13494,361153.0,37.0,13270,12848
67.6879723072052,0.7,31.9,20495755174.76486,361818.0,37.0,13293,12870
67.80528211593628,1.4,31.9,20495755178.79121,362456.0,35.0,13311,12888
67.91725182533264,0.0,31.9,20495755176.570107,363089.0,35.0,13331,12909
68.02936363220215,2.2,31.9,20495755179.158146,363702.0,35.0,13358,12934
68.14929270744324,1.4,31.9,20495755182.83975,364323.0,35.0,13387,12965
68.26094818115234,1.5,31.9,20495755174.224075,364978.0,35.0,13409,12987
68.37329721450806,0.7,31.9,20495755179.579174,365592.0,35.0,13432,13013
68.48533582687378,0.7,31.9,20495755179.475555,366207.0,35.0,13453,13034
68.63775277137756,0.5,31.9,20495755179.68908,367041.0,35.0,13484,13064
68.75726342201233,2.1,31.9,20495755181.999474,367678.0,35.0,13507,13087
68.90558099746704,0.0,31.9,20495755180.197575,368490.0,37.0,13530,13110
69.02543234825134,1.4,31.9,20495755178.39314,369165.0,37.0,13564,13143
69.15007042884827,0.0,31.9,20495755186.293606,369793.0,37.0,13588,13163
69.27378964424133,0.7,31.9,20495755178.62537,370490.0,37.0,13610,13186
69.38539505004883,1.5,31.9,20495755175.654625,371149.0,37.0,13636,13212
69.50985288619995,0.0,31.9,20495755188.433327,371761.0,37.0,13668,13239
69.7322211265564,1.1,31.9,20495755210.511707,372472.0,37.0,13710,13278
69.87994718551636,4.5,32.0,20495755143.73711,373715.0,37.0,13740,13307
70.13709712028503,0.3,32.0,20495755213.75933,374505.0,35.0,13795,13357
70.33393597602844,1.3,32.0,20495755142.412064,376209.0,35.0,13833,13396
70.53961539268494,0.0,32.0,20495755205.797653,376983.0,35.0,13874,13435
70.73486924171448,0.4,32.0,20495755175.676662,378169.0,35.0,13910,13471
70.93390130996704,0.0,32.0,20495755180.125652,379324.0,35.0,13943,13505
71.13475513458252,1.2,32.0,20495755182.259346,380453.0,35.0,13993,13551
71.33530354499817,0.0,32.0,20495755182.031406,381589.0,37.0,14032,13593
71.51822757720947,0.5,32.0,20495755175.684544,382721.0,37.0,14059,13620
71.7093710899353,0.4,32.0,20495755206.48835,383442.0,37.0,14097,13657
71.90907621383667,0.8,32.0,20495755182.404255,384576.0,37.0,14134,13693
72.04593563079834,0.0,32.0,20495755150.188026,385707.0,37.0,14171,13729
72.2209734916687,1.0,32.0,20495755209.52518,386346.0,37.0,14203,13759
72.42591834068298,0.8,32.0,20495755184.35661,387488.0,37.0,14239,13795
72.63039469718933,1.2,32.0,20495755184.589745,388637.0,37.0,14291,13839
72.83570528030396,0.0,32.0,20495755186.11261,389771.0,37.0,14325,13874
73.04131174087524,1.2,32.0,20495755185.65342,390918.0,37.0,14379,13920
82.25834107398987,0.3,31.9,20495755203.9334,440434.0,37.0,16007,15462
82.46235084533691,0.4,31.9,20495755165.727173,442149.0,37.0,16043,15497
82.66711163520813,0.4,31.9,20495755201.081455,443304.0,37.0,16081,15534
82.87202405929565,0.4,31.9,20495755197.009544,444514.0,37.0,16116,15569
83.07683110237122,0.8,31.9,20495755196.871067,445730.0,37.0,16166,15615
83.27153635025024,0.9,31.9,20495755196.968884,446885.0,37.0,16201,15650
83.48668622970581,0.0,31.9,20495755225.40193,447684.0,37.0,16241,15694
83.6044671535492,1.4,31.9,20495755142.99549,448878.0,37.0,16269,15721
83.74946475028992,0.6,31.8,20495755219.535004,449509.0,37.0,16296,15750
83.89602065086365,0.6,31.8,20495755201.278625,450330.0,37.0,16322,15777
84.09881019592285,0.4,31.8,20495755221.76108,451153.0,37.0,16367,15816
84.30549478530884,0.0,31.8,20495755204.341217,452280.0,37.0,16406,15856
84.46287703514099,1.1,31.8,20495755183.047256,453411.0,37.0,16444,15892
84.66524529457092,2.5,32.0,20495755224.810783,454207.0,37.0,16489,15931
84.78292679786682,0.7,32.0,20495755151.890274,455335.0,37.0,16507,15951
84.92057347297668,0.6,32.0,20495755217.410404,455974.0,37.0,16536,15978
85.11673140525818,0.4,32.0,20495755225.693653,456727.0,37.0,16582,16022
85.33006477355957,0.4,32.0,20495755203.063053,457936.0,35.0,16626,16066
85.53458285331726,1.2,32.0,20495755205.77873,459067.0,35.0,16666,16104
85.73717451095581,0.0,32.0,20495755205.233532,460199.0,35.0,16700,16137
85.94459199905396,1.2,32.0,20495755200.474106,461441.0,35.0,16734,16172
86.14940810203552,1.2,32.0,20495755206.428093,462575.0,35.0,16782,16216
86.34797692298889,0.0,32.0,20495755203.99967,463714.0,35.0,16820,16258
86.51860523223877,0.0,32.0,20495755217.49594,464514.0,35.0,16845,16283
86.75151371955872,0.0,32.0,20495755215.620625,465647.0,35.0,16891,16327
86.95227122306824,0.8,32.0,20495755205.836445,466785.0,35.0,16922,16361
87.15193700790405,1.7,32.0,20495755206.556755,467919.0,35.0,16973,16409
87.32163047790527,0.0,32.0,20495755192.726364,469065.0,35.0,17007,16443
87.46325302124023,2.3,32.0,20495755208.48406,469851.0,37.0,17036,16471
87.58357763290405,0.7,32.0,20495755197.456734,470619.0,37.0,17069,16499
87.76558470726013,0.5,32.0,20495755232.321198,471288.0,37.0,17101,16530
87.99361038208008,0.4,32.0,20495755213.99009,472455.0,37.0,17141,16567
88.15343451499939,0.5,32.0,20495755193.59033,473542.0,37.0,17185,16607
88.35389757156372,0.4,32.0,20495755208.314346,474678.0,37.0,17224,16647
88.55363059043884,0.4,32.0,20495755226.38705,475524.0,37.0,17263,16684
88.75429391860962,0.0,32.0,20495755208.12098,476666.0,37.0,17297,16721
88.95435786247253,1.2,32.0,20495755208.75104,477807.0,37.0,17331,16763
89.15451002120972,0.4,32.0,20495755205.791077,478999.0,37.0,17381,16819
89.3555543422699,0.0,32.0,20495755207.17323,480176.0,37.0,17414,16858
89.55521893501282,1.2,32.0,20495755228.637543,481011.0,37.0,17454,16895
89.75580310821533,0.0,32.0,20495755209.81495,482151.0,37.0,17484,16925
89.95595526695251,1.3,32.0,20495755210.01703,483297.0,37.0,17521,16964
90.15575122833252,0.0,32.0,20495755209.8374,484447.0,37.0,17574,17016
90.35717272758484,0.4,32.0,20495755211.167866,485586.0,37.0,17615,17058
90.65622448921204,1.1,32.0,20495755234.57246,486741.0,37.0,17684,17121
90.77152848243713,0.7,32.0,20495755124.23823,488178.0,36.0,17709,17146
90.8838758468628,0.7,32.0,20495755219.31447,488782.0,36.0,17731,17166
91.0653429031372,1.4,32.0,20495755231.527603,489523.0,36.0,17776,17208
91.27533507347107,0.4,32.0,20495755213.65773,490682.0,36.0,17812,17245
91.47494339942932,0.4,32.0,20495755211.465855,491831.0,36.0,17867,17298
91.68030047416687,0.4,32.0,20495755209.341904,493051.0,36.0,17910,17339
91.88459801673889,0.8,32.0,20495755239.514446,493782.0,35.0,17939,17368
92.08853244781494,0.8,32.0,20495755212.654182,494952.0,35.0,17988,17413
92.29332137107849,0.4,32.0,20495755207.694664,496216.0,35.0,18027,17452
92.50393915176392,0.4,32.0,20495755216.47782,497374.0,35.0,18062,17490
92.70446515083313,0.0,32.0,20495755214.253517,498515.0,35.0,18103,17530
92.9094648361206,1.2,32.0,20495755201.67378,499887.0,35.0,18156,17579
93.11338186264038,0.4,32.0,20495755246.680687,500534.0,35.0,18207,17633
93.31801199913025,0.4,32.0,20495755216.739166,501664.0,35.0,18248,17675
93.46401023864746,0.0,32.0,20495755189.092785,502799.0,35.0,18278,17702
93.58005738258362,0.7,32.0,20495755204.25859,503572.0,35.0,18314,17733
93.70838475227356,0.0,32.0,20495755217.780807,504280.0,35.0,18330,17749
93.82831931114197,0.7,32.0,20495755222.26162,504898.0,35.0,18350,17770
93.94147515296936,0.7,32.0,20495755212.340004,505568.0,37.0,18379,17797
94.05716848373413,0.7,32.0,20495755218.973675,506195.0,37.0,18406,17822
94.16838669776917,0.7,32.0,20495755218.741608,506805.0,37.0,18432,17845
94.28313326835632,1.4,32.0,20495755220.417114,507418.0,37.0,18457,17871
94.39623737335205,0.0,32.0,20495755216.256516,508060.0,37.0,18480,17893
94.51262497901917,0.7,32.0,20495755222.344986,508668.0,37.0,18499,17913
94.6401960849762,0.7,32.0,20495755218.873043,509369.0,37.0,18530,17942
94.75880360603333,0.7,32.0,20495755220.816177,510002.0,37.0,18546,17959
94.87241840362549,0.7,32.0,20495755217.322853,510649.0,37.0,18565,17979
94.98499774932861,0.7,32.0,20495755217.503613,511284.0,37.0,18589,18002
95.09619331359863,0.0,32.0,20495755219.54678,511900.0,37.0,18621,18031
95.20829200744629,1.5,32.0,20495755219.695427,512516.0,37.0,18640,18050
95.32071089744568,1.5,32.0,20495755219.958504,513133.0,37.0,18666,18077
95.43614196777344,1.4,32.0,20495755219.540096,513774.0,37.0,18701,18109
95.54864931106567,2.2,32.0,20495755220.02888,514394.0,37.0,18733,18142
95.66167879104614,0.7,32.0,20495755222.096878,514998.0,37.0,18754,18165
95.77234435081482,1.5,32.0,20495755220.405983,515610.0,37.0,18774,18187
95.88462734222412,1.5,32.0,20495755220.925465,516226.0,37.0,18789,18203
95.99668288230896,0.7,32.0,20495755220.33502,516847.0,37.0,18811,18223
96.1365659236908,0.6,32.0,20495755220.8595,517621.0,37.0,18849,18258
96.24900794029236,0.8,32.0,20495755222.701324,518225.0,37.0,18873,18281
96.36057591438293,0.7,32.0,20495755221.519527,518839.0,37.0,18898,18305
96.48061323165894,0.7,32.0,20495755225.361286,519465.0,37.0,18923,18329
96.5963716506958,2.1,32.0,20495755219.94522,520118.0,37.0,18961,18361
96.70894360542297,0.0,32.0,20495755219.46849,520759.0,37.0,18976,18377
96.84561014175415,0.6,32.0,20495755225.043716,521479.0,37.0,18998,18398
96.95658588409424,2.9,32.0,20495755220.31462,522110.0,37.0,19027,18425
97.0682864189148,1.5,32.0,20495755222.00358,522726.0,35.0,19062,18455
97.18451833724976,0.0,32.0,20495755224.760235,523351.0,35.0,19082,18474
97.31659722328186,1.9,32.0,20495755231.744637,523983.0,35.0,19116,18507
97.47337698936462,1.1,32.0,20495755234.70371,524700.0,35.0,19139,18530
97.62022042274475,0.6,32.0,20495755218.175663,525567.0,35.0,19168,18557
97.76441740989685,0.6,32.0,20495755223.01122,526374.0,35.0,19196,18584
97.9638934135437,0.8,32.0,20495755243.07198,527175.0,35.0,19225,18613
98.16388583183289,0.4,32.0,20495755221.36571,528326.0,35.0,19275,18658
98.36400294303894,0.4,32.0,20495755222.46778,529471.0,35.0,19318,18704
98.56416130065918,0.4,32.0,20495755223.28807,530607.0,35.0,19357,18741
98.76446199417114,1.2,32.0,20495755218.53689,531824.0,35.0,19384,18768
98.90662956237793,0.6,32.0,20495755218.707485,532684.0,35.0,19408,18792
99.05533385276794,0.0,32.0,20495755228.985172,533469.0,35.0,19448,18831
99.16923022270203,0.7,32.0,20495755207.36315,534257.0,37.0,19471,18851
99.37176632881165,0.0,32.0,20495755256.284157,534895.0,37.0,19507,18888
99.49459791183472,0.0,32.0,20495755177.68754,536032.0,37.0,19542,18918
99.66797161102295,0.0,32.0,20495755250.872,536675.0,37.0,19574,18948
99.87225842475891,0.8,32.0,20495755225.479584,537819.0,37.0,19608,18982
100.0783257484436,0.4,32.0,20495755226.065704,538973.0,37.0,19663,19033
100.36730766296387,0.6,32.0,20495755247.611664,540118.0,35.0,19716,19089
100.56712627410889,0.4,32.0,20495755210.574783,541498.0,35.0,19758,19129
100.69315719604492,0.0,32.0,20495755184.74864,542637.0,35.0,19781,19153
100.89643239974976,1.2,32.0,20495755260.584133,543258.0,35.0,19814,19192
101.10223126411438,0.4,32.0,20495755227.63573,544401.0,35.0,19863,19237
101.30678105354309,0.0,32.0,20495755227.715694,545558.0,35.0,19902,19282
101.51246452331543,0.0,32.0,20495755229.938778,546696.0,36.0,19936,19316
101.71641659736633,0.4,32.0,20495755228.494804,547845.0,36.0,19973,19351
101.92092871665955,0.8,32.0,20495755227.96704,549009.0,36.0,20005,19388
102.12646889686584,0.4,32.0,20495755229.672897,550157.0,36.0,20056,19436
102.3371171951294,0.0,32.0,20495755227.533337,551374.0,36.0,20096,19477
102.53598165512085,0.4,32.0,20495755221.224392,552623.0,35.0,20147,19520
102.74089121818542,0.4,32.0,20495755253.193584,553401.0,35.0,20177,19550
102.88195943832397,1.2,32.0,20495755197.40134,554547.0,35.0,20207,19578
103.15216779708862,0.6,32.0,20495755267.157993,555300.0,35.0,20266,19634
103.35493516921997,0.8,32.0,20495755195.08646,557008.0,35.0,20309,19680
103.56000852584839,0.4,32.0,20495755232.979626,558145.0,36.0,20348,19723
103.7701518535614,0.4,32.0,20495755234.285385,559278.0,36.0,20382,19757
103.96963477134705,0.4,32.0,20495755230.434967,560418.0,36.0,20415,19794
104.16998219490051,0.4,32.0,20495755248.92392,561278.0,36.0,20463,19838
104.37002301216125,0.8,32.0,20495755231.386578,562416.0,36.0,20498,19877
104.57027268409729,0.0,32.0,20495755232.152245,563554.0,35.0,20537,19919
104.77049994468689,0.4,32.0,20495755232.625755,564688.0,35.0,20568,19952
104.9707989692688,0.8,32.0,20495755224.639896,565953.0,35.0,20602,19986
105.17069149017334,0.0,32.0,20495755248.290802,566846.0,35.0,20652,20031
105.37130689620972,0.0,32.0,20495755233.07123,567983.0,35.0,20691,20073
105.60809874534607,0.7,32.0,20495755244.63604,569123.0,37.0,20744,20117
105.771803855896,0.5,32.0,20495755210.061245,570357.0,37.0,20771,20147
105.88615870475769,0.0,32.0,20495755219.051933,571146.0,37.0,20797,20170
106.00618529319763,0.0,32.0,20495755239.77827,571776.0,37.0,20833,20204
106.17199754714966,0.5,32.0,20495755257.381668,572411.0,37.0,20863,20233
106.37227845191956,0.0,32.0,20495755234.377033,573544.0,37.0,20907,20290
106.5723705291748,1.2,32.0,20495755234.996178,574679.0,37.0,20947,20327
106.77284240722656,1.7,32.0,20495755253.083317,575534.0,38.0,20979,20366
106.97365188598633,0.8,32.0,20495755235.42801,576673.0,38.0,21007,20394
107.17388272285461,0.8,32.0,20495755226.482044,577960.0,38.0,21057,20442
107.38197708129883,1.2,32.0,20495755256.334854,578815.0,38.0,21095,20491
107.57404899597168,0.0,32.0,20495755227.743088,580037.0,38.0,21132,20528
107.77427244186401,0.4,32.0,20495755237.314728,581172.0,37.0,21171,20568
107.97417736053467,0.4,32.0,20495755237.283066,582306.0,37.0,21205,20601
108.17483377456665,0.4,32.0,20495755237.745014,583439.0,37.0,21255,20650
108.3759343624115,0.4,32.0,20495755237.60425,584584.0,37.0,21288,20684
108.49515318870544,0.0,32.0,20495755219.72013,585424.0,37.0,21319,20710
108.68078899383545,0.0,32.0,20495755266.12139,586071.0,37.0,21358,20747
108.8919792175293,1.2,32.0,20495755235.124657,587317.0,37.0,21397,20783
109.09140682220459,0.0,32.0,20495755238.456566,588453.0,37.0,21445,20834
109.29580879211426,0.0,32.0,20495755240.612072,589591.0,37.0,21481,20870
109.500168800354,0.4,32.0,20495755240.720676,590727.0,37.0,21520,20910
109.61429572105408,0.7,32.0,20495755215.921474,591583.0,37.0,21546,20934
109.77592825889587,0.5,32.0,20495755264.105927,592198.0,37.0,21573,20959
109.9757788181305,0.8,32.0,20495755239.41607,593334.0,37.0,21607,20998
110.17744731903076,0.8,32.0,20495755239.720634,594482.0,37.0,21654,21041
110.31984758377075,0.6,32.0,20495755239.216484,595304.0,37.0,21682,21074
110.52399587631226,0.0,32.0,20495755264.070847,596088.0,37.0,21715,21107
110.72830271720886,0.0,32.0,20495755242.5132,597226.0,37.0,21759,21150
110.93359637260437,1.6,32.0,20495755239.717415,598423.0,37.0,21794,21185
111.13852739334106,0.4,32.0,20495755243.903248,599557.0,35.0,21845,21232
111.34315061569214,0.0,32.0,20495755244.018867,600691.0,35.0,21886,21273
111.50302505493164,3.7,32.0,20495755215.444775,601935.0,35.0,21922,21302
111.61903619766235,19.1,32.0,20495755248.925156,602549.0,35.0,21961,21334
111.7533609867096,8.9,31.9,20495755251.773685,603207.0,35.0,21993,21374
111.88280129432678,1.9,31.9,20495755243.33811,603931.0,35.0,22024,21399
112.16360187530518,0.6,31.9,20495755282.40214,604656.0,37.0,22084,21461
112.36754059791565,0.4,31.9,20495755209.649715,606362.0,37.0,22126,21504
112.57406687736511,0.4,32.0,20495755247.12402,607502.0,37.0,22167,21547
112.77662181854248,8.3,32.0,20495755257.92045,608435.0,37.0,22205,21591
112.97785902023315,8.3,32.0,20495755244.965103,609571.0,37.0,22239,21626
113.17917537689209,0.8,32.0,20495755245.255737,610709.0,36.0,22289,21672
113.37941980361938,0.0,32.0,20495755245.100246,611852.0,36.0,22327,21715
113.57632446289062,0.4,32.0,20495755244.294056,612995.0,36.0,22366,21754
113.72283029556274,0.6,32.0,20495755219.82283,614127.0,36.0,22391,21780
113.83933806419373,0.7,32.0,20495755249.528458,614759.0,36.0,22408,21797
113.95861029624939,0.0,32.0,20495755252.7655,615369.0,36.0,22427,21816
114.07082748413086,0.0,32.0,20495755241.93922,616034.0,36.0,22468,21853
114.21223831176758,0.6,32.0,20495755262.76997,616651.0,35.0,22492,21878
114.32709217071533,0.0,32.0,20495755229.591175,617449.0,35.0,22515,21902
114.44307112693787,1.4,32.0,20495755250.140438,618079.0,35.0,22535,21922
122.38984942436218,0.3,32.0,20495755263.515457,660777.0,35.0,23907,23216
122.7902479171753,0.4,32.0,20495755245.194687,663518.0,35.0,23980,23290
122.99008440971375,1.2,32.0,20495755253.87506,664751.0,35.0,24012,23323
123.19050598144531,0.4,32.0,20495755259.760357,665890.0,35.0,24061,23369
123.39073896408081,0.4,32.0,20495755259.626904,667032.0,35.0,24095,23404
123.54377102851868,0.0,32.0,20495755258.324146,667924.0,37.0,24141,23443
123.79149603843689,0.3,32.0,20495755287.68298,668797.0,37.0,24174,23477
124.04320359230042,0.3,32.0,20495755266.59878,670113.0,37.0,24234,23532
124.1915111541748,1.1,32.0,20495755216.190735,671491.0,37.0,24263,23560
124.39184165000916,0.4,32.0,20495755283.027336,672304.0,37.0,24303,23599
124.59233927726746,0.0,32.0,20495755261.162575,673446.0,35.0,24343,23637
124.79224562644958,0.4,32.0,20495755262.570107,674578.0,35.0,24372,23666
124.992116689682,0.8,32.0,20495755254.94309,675833.0,35.0,24406,23700
125.19240522384644,0.4,32.0,20495755279.775276,676702.0,35.0,24451,23743
125.39311528205872,0.8,32.0,20495755261.28579,677861.0,35.0,24507,23799
125.5932924747467,0.4,32.0,20495755261.50691,679029.0,35.0,24553,23845
125.79333972930908,1.2,32.0,20495755263.00069,680176.0,37.0,24592,23889
125.94564199447632,0.5,32.0,20495755240.789673,681315.0,37.0,24623,23917
126.06178736686707,0.7,32.0,20495755266.725525,681952.0,37.0,24656,23948
126.18423461914062,2.0,32.0,20495755265.381046,682632.0,37.0,24681,23972
126.2977705001831,0.0,32.0,20495755266.53958,683249.0,37.0,24701,23992
126.41979765892029,0.0,32.0,20495755269.12446,683890.0,37.0,24732,24022
126.5401062965393,0.7,32.0,20495755266.501907,684549.0,37.0,24766,24049
126.66402101516724,0.7,32.0,20495755262.45716,685269.0,37.0,24787,24070
126.7842698097229,0.0,32.0,20495755270.761314,685894.0,37.0,24810,24094
126.90811133384705,1.4,32.0,20495755266.072735,686578.0,35.0,24842,24122
132.40069723129272,0.3,31.9,20495755278.02108,716018.0,35.0,25796,25031
132.6013262271881,0.8,31.9,20495755237.79449,717734.0,35.0,25847,25075
132.8012044429779,0.4,31.9,20495755290.717197,718615.0,35.0,25879,25108
133.0014729499817,0.8,31.9,20495755273.80946,719752.0,35.0,25913,25139
133.20200181007385,0.0,31.9,20495755273.889355,720900.0,35.0,25962,25184
133.40215730667114,1.2,31.9,20495755274.782207,722035.0,35.0,25999,25222
133.58868837356567,0.4,31.9,20495755262.34053,723280.0,35.0,26037,25259
133.8031587600708,0.4,31.9,20495755305.448017,723984.0,35.0,26071,25293
134.00297212600708,0.4,31.9,20495755271.57638,725176.0,35.0,26108,25331
134.20396327972412,0.0,31.9,20495755276.577824,726310.0,35.0,26154,25374
134.40336871147156,0.4,31.9,20495755270.211292,727539.0,35.0,26189,25411
134.60416674613953,0.4,31.9,20495755274.920708,728706.0,35.0,26229,25452
134.80390882492065,0.4,31.9,20495755294.772743,729555.0,35.0,26259,25482
135.0038936138153,0.4,31.9,20495755276.872845,730690.0,35.0,26302,25526
135.2043318748474,0.0,31.9,20495755277.740715,731827.0,35.0,26341,25564
135.40427589416504,0.4,31.9,20495755277.221592,732972.0,35.0,26382,25605
135.54965782165527,1.1,31.9,20495755250.116497,734113.0,35.0,26423,25640
135.71687412261963,0.5,31.9,20495755301.916893,734755.0,37.0,26450,25668
135.88381338119507,1.5,31.9,20495755263.627266,735882.0,37.0,26487,25703
136.00460362434387,0.7,31.9,20495755275.030815,736607.0,37.0,26514,25727
136.12706327438354,0.7,31.9,20495755284.77873,737240.0,37.0,26539,25752
136.33190870285034,0.4,31.9,20495755308.881294,737910.0,37.0,26578,25792
136.53629779815674,0.0,31.9,20495755279.23733,739065.0,37.0,26617,25830
136.74839639663696,0.4,31.9,20495755283.088413,740215.0,36.0,26651,25863
136.94610452651978,0.4,31.9,20495755278.050053,741371.0,36.0,26685,25898
137.1514549255371,0.0,31.9,20495755281.98279,742511.0,36.0,26734,25945
137.35594391822815,0.0,31.9,20495755281.663105,743657.0,36.0,26774,25988
137.56019115447998,0.4,31.9,20495755281.996338,744803.0,36.0,26808,26022
137.76559615135193,0.8,31.9,20495755282.43726,745945.0,35.0,26842,26055
137.97076606750488,0.4,31.9,20495755283.22632,747081.0,35.0,26881,26096
138.17523527145386,0.0,31.9,20495755283.431267,748217.0,35.0,26933,26145
138.37999033927917,0.0,31.9,20495755283.81304,749351.0,35.0,26969,26182
138.58547687530518,0.0,31.9,20495755284.36514,750483.0,35.0,27024,26229
138.79062128067017,1.2,32.0,20495755284.626507,751614.0,37.0,27057,26263
138.99509072303772,0.4,31.9,20495755284.705795,752746.0,37.0,27096,26300
139.20282316207886,0.0,32.0,20495755285.86092,753882.0,37.0,27146,26346
139.40432929992676,0.8,32.0,20495755284.27109,755016.0,37.0,27183,26384
139.5686161518097,0.5,32.0,20495755268.77217,756145.0,37.0,27212,26411
139.80768871307373,1.0,31.9,20495755323.56911,756758.0,36.0,27256,26456
140.00839924812317,0.0,32.0,20495755272.3743,758083.0,36.0,27293,26492
140.20806694030762,0.4,31.9,20495755285.675148,759214.0,36.0,27331,26529
140.4082329273224,0.8,32.0,20495755284.185764,760370.0,36.0,27367,26569
140.60841917991638,0.4,32.0,20495755285.55331,761508.0,36.0,27413,26615
140.80846643447876,0.8,32.0,20495755285.721664,762646.0,36.0,27445,26648
141.00856614112854,0.8,32.0,20495755285.826653,763786.0,35.0,27491,26692
141.20883989334106,0.8,32.0,20495755286.504417,764919.0,35.0,27530,26731
141.40954303741455,1.2,32.0,20495755306.053024,765748.0,35.0,27565,26766
141.65708589553833,0.3,32.0,20495755300.90359,766885.0,35.0,27624,26819
141.81073546409607,1.1,32.0,20495755247.738014,768226.0,35.0,27647,26841
142.06814908981323,0.0,32.0,20495755320.26663,769044.0,35.0,27710,26899
142.2719087600708,0.4,32.0,20495755252.966064,770762.0,35.0,27744,26933
142.41014885902405,0.0,32.0,20495755286.534264,771579.0,35.0,27773,26961
142.6110816001892,0.4,32.0,20495755312.28112,772338.0,35.0,27810,26998
142.8111596107483,0.4,32.0,20495755289.561348,773455.0,35.0,27838,27026
143.0107831954956,0.0,32.0,20495755288.780804,774600.0,35.0,27878,27065
143.21139097213745,0.0,32.0,20495755289.512733,775739.0,36.0,27917,27102
143.4116051197052,0.8,32.0,20495755289.122204,776887.0,36.0,27958,27146
143.56037855148315,0.6,32.0,20495755264.51275,778031.0,36.0,27987,27174
143.70575761795044,1.1,32.0,20495755307.534603,778660.0,36.0,28009,27197
143.8180637359619,0.7,32.0,20495755270.856148,779459.0,36.0,28034,27221
144.01436352729797,0.8,32.0,20495755323.513218,780064.0,36.0,28078,27261
144.21219539642334,0.4,32.0,20495755289.35155,781200.0,36.0,28112,27295
144.41209721565247,0.4,32.0,20495755290.797806,782345.0,37.0,28151,27334
144.61233973503113,0.0,32.0,20495755290.97857,783491.0,37.0,28202,27377
144.81277561187744,0.4,32.0,20495755291.033512,784640.0,37.0,28235,27411
145.01351380348206,0.4,32.0,20495755291.470463,785787.0,37.0,28285,27456
145.13934898376465,0.0,32.0,20495755277.758972,786644.0,37.0,28313,27483
145.34358096122742,0.4,31.9,20495755321.424366,787338.0,37.0,28345,27515
145.55702352523804,0.4,32.0,20495755296.27324,788485.0,37.0,28391,27559
145.75315403938293,0.8,32.0,20495755290.201622,789648.0,37.0,28418,27586
145.95843195915222,1.2,32.0,20495755294.679832,790797.0,37.0,28452,27619
146.16343545913696,0.4,32.0,20495755295.136444,791941.0,37.0,28500,27663
146.36800241470337,0.0,32.0,20495755295.014175,793090.0,37.0,28542,27710
146.52036333084106,1.1,32.0,20495755270.22552,794244.0,37.0,28570,27737
146.77849531173706,0.3,32.0,20495755331.176544,794968.0,35.0,28618,27785
146.9835066795349,1.2,32.0,20495755278.57755,796393.0,35.0,28655,27823
147.187020778656,0.4,32.0,20495755296.97528,797536.0,35.0,28705,27870
147.39172220230103,0.4,32.0,20495755296.969498,798678.0,35.0,28745,27910
147.59786868095398,0.0,32.0,20495755297.646194,799821.0,35.0,28800,27957
147.8150234222412,0.8,32.0,20495755301.531693,800963.0,35.0,28833,27991
148.00714349746704,0.4,32.0,20495755292.774086,802111.0,35.0,28875,28029
148.2114508152008,0.4,32.0,20495755297.002205,803271.0,35.0,28914,28068
148.61617136001587,0.4,32.0,20495755334.173405,804414.0,35.0,28983,28138
148.81615209579468,0.4,32.0,20495755224.578182,806717.0,35.0,29016,28172
149.0166711807251,1.2,32.0,20495755299.41208,807863.0,35.0,29059,28223
149.21660733222961,0.4,32.0,20495755297.298954,809009.0,35.0,29098,28267
149.4167115688324,0.8,32.0,20495755317.83239,809835.0,35.0,29136,28308
149.54570722579956,1.3,32.0,20495755255.531338,810992.0,35.0,29161,28333
149.81811380386353,0.3,32.0,20495755341.186123,811643.0,35.0,29205,28377
150.0177125930786,1.7,32.0,20495755274.78284,813159.0,37.0,29245,28415
150.2180881500244,0.4,32.0,20495755300.178276,814302.0,37.0,29286,28457
150.41811800003052,1.2,31.9,20495755298.38116,815463.0,37.0,29330,28501
150.619122505188,0.8,32.0,20495755299.467358,816616.0,37.0,29391,28554
150.8186433315277,0.4,32.0,20495755298.59139,817777.0,37.0,29425,28588
151.01935982704163,0.0,32.0,20495755300.464886,818920.0,37.0,29470,28628
151.21877574920654,0.8,32.0,20495755318.565235,819774.0,35.0,29508,28664
151.41900515556335,0.4,32.0,20495755300.83577,820915.0,35.0,29545,28701
151.5660378932953,0.0,32.0,20495755274.52401,822061.0,35.0,29575,28730
151.6936707496643,0.7,31.9,20495755301.1189,822800.0,35.0,29598,28753
151.82686352729797,0.6,31.9,20495755295.650623,823615.0,35.0,29622,28777
152.0197937488556,0.0,31.9,20495755332.970833,824236.0,35.0,29665,28817
152.21964383125305,0.4,31.9,20495755301.036144,825382.0,35.0,29705,28855
152.4199776649475,0.0,31.9,20495755301.92095,826535.0,37.0,29737,28891
152.6204869747162,0.4,31.9,20495755298.968052,827738.0,37.0,29778,28929
152.82296800613403,0.8,31.9,20495755302.929264,828889.0,37.0,29808,28959
153.02171349525452,0.4,31.9,20495755302.385387,830032.0,37.0,29858,29006
153.22110748291016,0.8,31.9,20495755324.08743,830844.0,37.0,29898,29045
153.34610199928284,0.0,31.9,20495755257.392776,832003.0,37.0,29927,29075
153.4677505493164,1.4,31.9,20495755312.792973,832626.0,35.0,29954,29099
153.57863974571228,0.8,31.9,20495755299.47381,833289.0,35.0,29985,29125
153.74077343940735,1.0,31.9,20495755328.170982,833905.0,35.0,30008,29155
153.93972611427307,1.7,31.9,20495755302.735504,835051.0,35.0,30049,29193
154.15133094787598,0.4,32.0,20495755325.03104,835919.0,35.0,30099,29242
154.35596799850464,0.4,32.0,20495755306.08892,837069.0,35.0,30139,29282
154.56067180633545,0.0,32.0,20495755300.125763,838328.0,36.0,30184,29321
154.76582264900208,0.4,32.0,20495755307.735523,839467.0,36.0,30218,29360
154.96908569335938,1.2,32.0,20495755307.185135,840610.0,36.0,30253,29396
155.17561674118042,0.4,32.0,20495755307.91323,841760.0,36.0,30302,29443
155.38001823425293,0.4,32.0,20495755308.11583,842903.0,36.0,30344,29487
155.5838327407837,0.4,32.0,20495755312.75831,843970.0,37.0,30377,29518
155.71924662590027,0.0,32.0,20495755271.14337,845120.0,37.0,30402,29546
155.83041167259216,0.7,32.0,20495755310.849392,845735.0,37.0,30436,29574
155.99958658218384,0.5,32.0,20495755332.605618,846355.0,37.0,30465,29611
156.19979763031006,0.8,32.0,20495755306.72101,847501.0,37.0,30519,29660
156.41552066802979,0.0,32.0,20495755312.75431,848651.0,37.0,30559,29707
156.60956931114197,0.4,32.0,20495755305.478085,849796.0,35.0,30609,29749
156.8147792816162,0.8,32.0,20495755309.771473,850944.0,35.0,30642,29782
157.00380682945251,0.0,32.0,20495755303.580402,852100.0,35.0,30682,29821
157.17645263671875,0.0,32.0,20495755324.987072,852868.0,35.0,30723,29858
157.4244725704193,0.3,32.0,20495755322.481995,854021.0,35.0,30772,29911
157.57636666297913,0.6,32.0,20495755281.578735,855218.0,35.0,30801,29939
157.69150280952454,0.7,32.0,20495755289.870026,856061.0,36.0,30825,29964
157.80294513702393,0.7,32.0,20495755312.04243,856685.0,36.0,30838,29977
157.9147551059723,0.8,32.0,20495755310.600502,857310.0,36.0,30861,30000
158.03122997283936,0.0,32.0,20495755312.143528,857951.0,36.0,30890,30027
158.15132069587708,0.7,32.0,20495755312.476334,858609.0,36.0,30916,30051
158.26709127426147,0.0,32.0,20495755309.498466,859273.0,36.0,30939,30074
158.383891582489,0.0,32.0,20495755315.02594,859897.0,36.0,30962,30102
158.49945330619812,0.0,32.0,20495755308.741367,860565.0,36.0,30982,30122
158.6151828765869,0.7,32.0,20495755312.090652,861210.0,36.0,31010,30148
158.73128199577332,0.0,32.0,20495755311.618618,861861.0,36.0,31028,30166
158.843519449234,0.7,32.0,20495755313.272068,862478.0,36.0,31049,30185
158.98389983177185,0.6,32.0,20495755326.53207,863106.0,36.0,31071,30209
159.0992841720581,0.0,32.0,20495755295.532104,863898.0,36.0,31112,30251
159.21967029571533,0.0,32.0,20495755318.028297,864528.0,36.0,31129,30268
159.33955931663513,0.7,32.0,20495755308.266727,865238.0,36.0,31154,30294
159.45444703102112,0.0,32.0,20495755316.22118,865852.0,36.0,31180,30320
159.5676348209381,0.7,32.0,20495755312.071327,866493.0,36.0,31215,30351
159.8269748687744,0.0,32.0,20495755354.166397,867114.0,36.0,31254,30390
160.0278115272522,0.8,32.0,20495755275.681396,868847.0,36.0,31305,30446
160.2275722026825,0.8,32.0,20495755305.575264,870117.0,36.0,31343,30488
160.4270076751709,0.4,32.0,20495755343.650238,870777.0,36.0,31381,30527
160.6273386478424,0.0,32.0,20495755312.878075,871925.0,36.0,31421,30565
160.82767701148987,0.8,32.0,20495755313.517887,873078.0,36.0,31454,30599
161.0280683040619,0.8,32.0,20495755313.50435,874237.0,35.0,31497,30640
161.2279839515686,0.8,32.0,20495755314.25612,875384.0,35.0,31538,30680
161.4286913871765,0.0,32.0,20495755313.49616,876551.0,35.0,31578,30723
161.59144949913025,0.5,32.0,20495755296.808125,877709.0,35.0,31608,30751
161.72999477386475,0.6,32.0,20495755330.527122,878335.0,35.0,31632,30776
161.8528537750244,0.0,32.0,20495755306.822174,879112.0,35.0,31658,30802
162.02866792678833,0.5,32.0,20495755338.095985,879801.0,35.0,31694,30836
162.2286458015442,0.4,32.0,20495755314.869766,880950.0,37.0,31736,30875
162.4297580718994,0.4,32.0,20495755315.205452,882111.0,37.0,31774,30914
162.63035583496094,0.4,32.0,20495755314.955948,883276.0,37.0,31827,30961
162.8301727771759,0.4,32.0,20495755335.3618,884121.0,37.0,31859,30993
162.95942401885986,0.6,32.0,20495755276.61992,885261.0,37.0,31892,31021
163.16343355178833,0.4,32.0,20495755348.772305,885928.0,37.0,31941,31066
163.36806654930115,0.0,32.0,20495755317.907265,887081.0,37.0,31974,31100
163.57265305519104,0.4,32.0,20495755319.203304,888232.0,37.0,32013,31139
163.77780556678772,0.4,32.0,20495755319.339718,889383.0,37.0,32047,31174
163.98244738578796,0.8,32.0,20495755320.01017,890530.0,37.0,32080,31208
164.1874771118164,0.4,32.0,20495755320.402733,891675.0,37.0,32127,31250
164.3920922279358,0.8,32.0,20495755320.642387,892817.0,35.0,32168,31295
164.59680914878845,0.4,32.0,20495755320.630653,893965.0,35.0,32207,31332
164.8026247024536,0.8,32.0,20495755320.71752,895119.0,35.0,32241,31368
165.00711011886597,0.4,32.0,20495755321.243977,896263.0,35.0,32275,31403
165.21176767349243,0.0,32.0,20495755321.80783,897406.0,35.0,32324,31448
165.41616988182068,0.4,32.0,20495755322.215984,898546.0,36.0,32365,31489
165.57600045204163,1.0,32.0,20495755301.141674,899702.0,36.0,32408,31526
165.8265905380249,0.7,32.0,20495755357.918633,900402.0,36.0,32449,31568
166.03027868270874,0.0,32.0,20495755308.39237,901770.0,36.0,32490,31604
166.23251080513,0.4,32.0,20495755323.46331,902906.0,36.0,32530,31641
166.43275713920593,0.0,32.0,20495755321.509968,904058.0,35.0,32574,31679
166.6338393688202,0.4,32.0,20495755321.5972,905214.0,35.0,32612,31716
166.83313250541687,1.2,32.0,20495755321.919052,906364.0,35.0,32646,31750
167.03433632850647,0.8,32.0,20495755322.698547,907511.0,35.0,32689,31792
167.2348232269287,0.4,32.0,20495755321.676033,908678.0,35.0,32728,31831
167.43549132347107,0.0,32.0,20495755322.662952,909831.0,35.0,32764,31872
167.5917830467224,0.5,32.0,20495755327.830738,910669.0,35.0,32798,31904
167.83498573303223,0.3,32.0,20495755336.039368,911814.0,35.0,32833,31938
168.03490829467773,0.8,32.0,20495755322.23335,912984.0,35.0,32877,31980
168.23537349700928,0.0,32.0,20495755323.370117,914146.0,35.0,32923,32025
168.43588042259216,0.4,32.0,20495755323.321712,915313.0,35.0,32974,32076
168.6321873664856,0.9,32.0,20495755321.76052,916483.0,37.0,33033,32132
168.8115713596344,0.5,32.0,20495755316.26251,917626.0,37.0,33058,32158
169.10429525375366,0.3,32.0,20495755368.51988,918304.0,37.0,33128,32222
169.30776619911194,0.0,32.0,20495755283.77971,920141.0,37.0,33161,32256
169.51262092590332,0.8,32.0,20495755327.023888,921318.0,37.0,33202,32299
169.67995476722717,0.0,32.0,20495755310.2306,922475.0,35.0,33237,32332
169.7920684814453,0.7,32.0,20495755328.038742,923106.0,35.0,33257,32352
169.90380930900574,0.0,32.0,20495755327.989803,923726.0,35.0,33280,32375
170.01587533950806,0.7,32.0,20495755328.322796,924346.0,35.0,33306,32399
170.1280755996704,0.0,32.0,20495755328.72778,924965.0,35.0,33334,32425
170.2400517463684,1.5,32.0,20495755328.13352,925590.0,35.0,33351,32441
170.35185885429382,0.7,32.0,20495755329.220703,926205.0,35.0,33376,32470
170.4640393257141,0.0,32.0,20495755329.067493,926824.0,35.0,33400,32493
170.58004641532898,0.0,32.0,20495755329.223083,927466.0,35.0,33428,32520
170.69633316993713,0.7,32.0,20495755329.890335,928105.0,37.0,33448,32540
170.80857038497925,1.5,32.0,20495755329.348366,928727.0,37.0,33471,32563
170.92866396903992,0.0,32.0,20495755330.780025,929380.0,37.0,33488,32580
171.0444929599762,1.4,32.0,20495755327.634136,930039.0,37.0,33518,32607
171.15588521957397,0.0,32.0,20495755330.48033,930654.0,37.0,33547,32635
171.2681794166565,0.7,32.0,20495755330.13322,931273.0,37.0,33562,32649
171.3801612854004,0.7,32.0,20495755330.434338,931893.0,37.0,33590,32678
171.49631214141846,0.7,32.0,20495755332.79562,932513.0,37.0,33622,32704
171.63969779014587,0.6,32.0,20495755340.76229,933188.0,37.0,33652,32731
171.7661759853363,0.0,32.0,20495755324.33175,933953.0,35.0,33672,32752
171.88607335090637,0.7,32.0,20495755327.28793,934655.0,35.0,33701,32778
172.04005193710327,0.5,32.0,20495755347.140064,935318.0,35.0,33736,32810
172.23997688293457,0.4,32.0,20495755328.966465,936462.0,35.0,33775,32847
172.3803939819336,0.6,32.0,20495755329.68984,937269.0,35.0,33803,32876
172.58493328094482,0.4,32.0,20495755353.461575,938060.0,35.0,33842,32913
172.79030680656433,1.2,32.0,20495755330.1935,939233.0,36.0,33875,32946
172.99457097053528,0.8,32.0,20495755332.80451,940377.0,36.0,33908,32979
173.19984817504883,0.4,32.0,20495755332.60731,941528.0,36.0,33959,33026
173.4043686389923,0.0,32.0,20495755332.395508,942687.0,36.0,33998,33068
173.576331615448,0.5,32.0,20495755320.26335,943828.0,36.0,34028,33096
173.7116265296936,0.6,32.0,20495755326.58773,944660.0,36.0,34053,33121
173.84075117111206,0.0,32.0,20495755332.176605,945398.0,37.0,34076,33143
174.01914358139038,0.5,32.0,20495755352.967976,946120.0,37.0,34111,33177
174.2328236103058,0.8,32.0,20495755337.52579,947255.0,37.0,34151,33217
174.428120136261,0.0,32.0,20495755331.264732,948397.0,37.0,34189,33255
174.63287615776062,0.4,32.0,20495755334.785698,949543.0,37.0,34242,33300
174.83869218826294,0.8,32.0,20495755334.7811,950695.0,37.0,34279,33340
175.04244685173035,0.0,31.9,20495755335.073067,951840.0,35.0,34332,33384
175.24326300621033,0.0,31.9,20495755334.300575,952982.0,35.0,34373,33428
175.44180488586426,0.4,31.9,20495755334.079056,954124.0,35.0,34414,33472
175.59239053726196,0.6,32.0,20495755337.55964,954946.0,35.0,34443,33501
175.79486560821533,0.8,32.0,20495755355.075012,955776.0,35.0,34478,33534
176.0430760383606,0.3,32.0,20495755349.49058,956912.0,35.0,34523,33578
176.24326157569885,0.0,32.0,20495755322.782257,958265.0,35.0,34563,33616
176.4433560371399,0.4,32.0,20495755336.404064,959411.0,35.0,34604,33659
176.64350771903992,0.0,32.0,20495755335.474915,960570.0,35.0,34645,33699
176.84370160102844,0.4,32.0,20495755334.97264,961739.0,35.0,34684,33738
177.0446789264679,1.2,32.0,20495755337.088413,962885.0,35.0,34728,33780
177.24600434303284,0.8,32.0,20495755335.746174,964049.0,35.0,34762,33813
177.44594311714172,0.4,32.0,20495755357.203396,964877.0,35.0,34800,33850
177.5762321949005,1.3,32.0,20495755298.573883,966019.0,35.0,34841,33885
177.69257616996765,1.4,32.0,20495755337.531094,966698.0,35.0,34866,33911
177.80554699897766,0.7,32.0,20495755337.616776,967338.0,35.0,34883,33929
177.9257881641388,2.1,32.0,20495755342.01947,967982.0,35.0,34909,33952
178.0683343410492,0.6,32.0,20495755353.78966,968619.0,35.0,34943,33983
178.19690799713135,0.6,32.0,20495755325.62402,969469.0,35.0,34972,34010
178.31756949424744,0.7,32.0,20495755340.46878,970139.0,35.0,35001,34040
178.44873881340027,0.0,32.0,20495755337.529053,970897.0,35.0,35025,34063
178.56182146072388,1.5,32.0,20495755342.521584,971505.0,35.0,35044,34081
178.681955575943,0.0,32.0,20495755341.352505,972161.0,35.0,35068,34105
178.79755306243896,1.4,32.0,20495755339.860962,972812.0,35.0,35088,34126
178.9088749885559,0.8,32.0,20495755341.362865,973427.0,35.0,35105,34143
179.02445125579834,1.4,32.0,20495755343.544983,974048.0,35.0,35137,34173
179.1365716457367,1.5,32.0,20495755338.906574,974689.0,35.0,35162,34195
179.24922037124634,0.7,32.0,20495755342.181988,975306.0,35.0,35182,34215
179.36456966400146,0.0,32.0,20495755342.223293,975941.0,35.0,35210,34248
179.47628569602966,0.7,32.0,20495755340.63662,976570.0,35.0,35225,34262
179.64654064178467,0.5,32.0,20495755366.401356,977185.0,35.0,35263,34298
179.8471405506134,0.0,32.0,20495755340.230198,978328.0,35.0,35290,34325
180.04727458953857,0.0,32.0,20495755340.300934,979483.0,35.0,35339,34372
180.24768614768982,0.4,32.0,20495755358.480026,980356.0,35.0,35374,34405
180.37307381629944,0.7,32.0,20495755294.740395,981529.0,37.0,35403,34435
180.48863554000854,0.7,32.0,20495755349.318687,982136.0,37.0,35442,34471
180.65637230873108,1.0,32.0,20495755365.167877,982778.0,37.0,35478,34501
180.848158121109,0.0,32.0,20495755338.006718,983923.0,37.0,35514,34536
180.98354291915894,0.6,32.0,20495755334.254364,984782.0,37.0,35542,34563
181.20200896263123,0.8,32.0,20495755371.97152,985524.0,37.0,35592,34610
181.39818263053894,0.8,32.0,20495755337.597942,986724.0,36.0,35632,34650
181.58270072937012,0.5,32.0,20495755337.024956,987874.0,36.0,35662,34678
181.80209469795227,0.0,32.0,20495755349.838818,989022.0,36.0,35698,34714
182.0067913532257,0.4,32.0,20495755341.477417,990230.0,36.0,35732,34748
182.21198511123657,0.0,32.0,20495755345.647778,991377.0,36.0,35778,34790
182.41684985160828,0.8,32.0,20495755345.94101,992524.0,35.0,35818,34833
182.6214919090271,0.4,32.0,20495755345.987335,993670.0,35.0,35858,34871
182.8269100189209,0.4,32.0,20495755346.54377,994817.0,35.0,35891,34904
183.0310573577881,0.4,32.0,20495755346.384228,995963.0,35.0,35934,34945
183.23606181144714,0.4,32.0,20495755346.627464,997115.0,35.0,35980,34989
183.44211506843567,0.4,32.0,20495755347.4707,998262.0,35.0,36021,35030
183.60512518882751,0.5,32.0,20495755329.428883,999408.0,35.0,36063,35064
183.84985518455505,0.0,32.0,20495755386.16702,1000037.0,35.0,36106,35107
184.05113053321838,0.4,32.0,20495755332.784374,1001398.0,35.0,36148,35145
184.25129675865173,0.4,32.0,20495755346.856186,1002555.0,35.0,36188,35183
184.45165729522705,0.0,32.0,20495755347.35191,1003701.0,35.0,36224,35220
184.651597738266,0.0,32.0,20495755347.797195,1004846.0,35.0,36263,35257
184.85207724571228,0.0,32.0,20495755347.78731,1005990.0,35.0,36295,35290
185.05220103263855,0.0,32.0,20495755348.032925,1007135.0,35.0,36338,35332
185.2512171268463,2.1,32.0,20495755362.032288,1008059.0,35.0,36376,35368
185.45944690704346,2.8,32.0,20495755350.54234,1009215.0,37.0,36415,35410
185.60711526870728,2.2,32.0,20495755322.33741,1010371.0,37.0,36445,35440
185.85252213478088,1.4,32.0,20495755382.756123,1011130.0,37.0,36479,35473
186.00716066360474,1.1,32.0,20495755309.98095,1012486.0,37.0,36508,35500
186.2523558139801,3.0,32.0,20495755363.080658,1013644.0,37.0,36569,35560
186.45188283920288,4.9,32.0,20495755346.03487,1014845.0,37.0,36612,35603
186.65222716331482,2.5,32.0,20495755349.18319,1016010.0,37.0,36662,35646
186.8527331352234,1.2,32.0,20495755366.427937,1016904.0,37.0,36690,35673
187.05288195610046,1.2,32.0,20495755349.41752,1018069.0,37.0,36736,35714
187.25412583351135,0.4,32.0,20495755350.40063,1019230.0,37.0,36776,35752
187.45449829101562,0.0,32.0,20495755350.674164,1020390.0,37.0,36816,35792
187.62800574302673,1.0,32.0,20495755337.877903,1021573.0,37.0,36850,35824
187.74276423454285,0.0,32.0,20495755345.081024,1022288.0,37.0,36869,35845
187.8539810180664,0.0,32.0,20495755354.38765,1022902.0,37.0,36895,35868
187.96998596191406,2.8,32.0,20495755356.17239,1023523.0,37.0,36913,35888
188.08148074150085,1.5,32.0,20495755352.47152,1024153.0,37.0,36950,35921
188.20022058486938,0.7,32.0,20495755359.23321,1024765.0,37.0,36973,35945
188.3142683506012,5.0,32.0,20495755351.56372,1025418.0,37.0,36987,35959
188.43622183799744,1.4,32.0,20495755358.882027,1026055.0,37.0,37029,36004
188.55851197242737,1.4,32.0,20495755356.30034,1026711.0,37.0,37060,36035
188.6783106327057,0.7,32.0,20495755352.78385,1027394.0,37.0,37077,36052
188.79406905174255,0.0,32.0,20495755353.960213,1028045.0,35.0,37096,36071
188.90959095954895,1.4,32.0,20495755356.251724,1028679.0,35.0,37119,36094
189.0224711894989,0.7,32.0,20495755356.536007,1029291.0,35.0,37146,36128
189.1419653892517,0.0,32.0,20495755358.819946,1029925.0,35.0,37176,36156
189.26128578186035,2.1,32.0,20495755358.28852,1030559.0,35.0,37201,36181
189.37827396392822,0.0,32.0,20495755352.589676,1031235.0,35.0,37223,36204
189.49454307556152,2.2,32.0,20495755360.05855,1031845.0,35.0,37257,36232
189.61045861244202,0.0,32.0,20495755354.31971,1032503.0,35.0,37287,36261
189.72204184532166,0.7,32.0,20495755356.650063,1033120.0,35.0,37301,36275
189.83477544784546,0.0,32.0,20495755358.129642,1033731.0,35.0,37323,36298
189.95073461532593,0.7,32.0,20495755357.52966,1034365.0,35.0,37353,36325
190.07291102409363,0.7,32.0,20495755360.88267,1035007.0,35.0,37378,36348
190.1882700920105,0.0,32.0,20495755354.927734,1035665.0,35.0,37406,36374
190.30218744277954,0.7,32.0,20495755356.450787,1036301.0,35.0,37431,36399
190.41832089424133,0.0,32.0,20495755360.874073,1036915.0,35.0,37450,36419
190.53015184402466,0.8,32.0,20495755355.619892,1037551.0,35.0,37479,36457
190.64591026306152,0.7,32.0,20495755361.657986,1038159.0,35.0,37503,36479
190.76627612113953,1.4,32.0,20495755358.202126,1038822.0,35.0,37524,36499
190.87818598747253,1.5,32.0,20495755356.3976,1039458.0,37.0,37547,36522
191.00431609153748,0.7,32.0,20495755364.965313,1040094.0,37.0,37570,36546
191.11793327331543,1.4,32.0,20495755352.6144,1040774.0,37.0,37600,36571
191.23046207427979,0.8,32.0,20495755359.562233,1041389.0,37.0,37622,36596
191.34865307807922,0.0,32.0,20495755361.216236,1042025.0,37.0,37646,36627
191.48303151130676,0.6,32.0,20495755368.936314,1042661.0,37.0,37669,36650
191.63249444961548,0.0,32.0,20495755366.58038,1043407.0,37.0,37704,36682
191.78101134300232,0.6,32.0,20495755360.021606,1044223.0,37.0,37729,36707
191.89234232902527,0.8,32.0,20495755337.96002,1045030.0,37.0,37747,36724
192.04351615905762,0.6,32.0,20495755379.83479,1045639.0,37.0,37782,36761
192.25095868110657,0.0,32.0,20495755378.05537,1046495.0,37.0,37821,36798
192.452241897583,0.4,32.0,20495755359.837837,1047630.0,37.0,37858,36835
192.65731835365295,1.2,32.0,20495755361.97058,1048761.0,37.0,37909,36886
192.85952758789062,0.8,32.0,20495755357.644974,1049949.0,37.0,37942,36920
193.05970644950867,0.0,32.0,20495755358.759743,1051112.0,37.0,37993,36966
193.2599151134491,0.4,32.0,20495755360.80099,1052247.0,37.0,38031,37004
193.46012258529663,1.2,32.0,20495755355.885975,1053463.0,37.0,38069,37043
193.65987610816956,0.4,32.0,20495755383.02679,1054252.0,37.0,38103,37075
193.8721306324005,0.4,32.0,20495755365.051983,1055393.0,37.0,38136,37108
194.06170868873596,0.9,32.0,20495755357.937485,1056529.0,37.0,38175,37146
194.26131439208984,0.0,32.0,20495755361.92078,1057670.0,37.0,38214,37185
194.46111488342285,1.2,32.0,20495755361.561806,1058819.0,37.0,38255,37231
194.66252732276917,0.4,32.0,20495755361.77963,1059973.0,37.0,38296,37270
194.86209845542908,1.2,32.0,20495755362.49156,1061115.0,37.0,38330,37304
195.06214928627014,0.0,31.9,20495755383.517487,1061929.0,37.0,38368,37339
195.2626986503601,0.4,31.9,20495755362.92507,1063073.0,37.0,38406,37375
195.46289205551147,0.4,31.9,20495755363.690716,1064218.0,37.0,38448,37418
195.67116451263428,0.4,31.9,20495755366.643627,1065363.0,37.0,38500,37461
195.86309814453125,0.9,31.9,20495755367.74474,1066405.0,37.0,38532,37494
196.07003092765808,0.8,31.9,20495755366.652687,1067550.0,37.0,38583,37541
196.2702534198761,0.4,31.9,20495755364.96322,1068690.0,35.0,38623,37579
196.46388268470764,0.4,32.0,20495755362.766193,1069834.0,35.0,38656,37613
196.66423869132996,0.4,31.9,20495755359.502132,1071069.0,35.0,38693,37648
196.8638575077057,0.8,31.9,20495755387.17349,1071867.0,35.0,38726,37681
197.06418299674988,0.4,31.9,20495755365.87735,1073006.0,35.0,38769,37722
197.19946694374084,0.6,31.9,20495755329.341106,1074163.0,35.0,38799,37754
197.36828708648682,0.5,32.0,20495755390.366074,1074818.0,37.0,38831,37790
197.57462120056152,0.4,31.9,20495755367.302097,1075970.0,37.0,38868,37825
197.78056025505066,0.8,32.0,20495755367.41771,1077139.0,37.0,38903,37860
197.98293256759644,0.0,32.0,20495755367.845947,1078281.0,37.0,38936,37893
198.18808150291443,0.4,32.0,20495755387.17583,1079130.0,37.0,38984,37937
198.39223432540894,1.2,32.0,20495755368.651962,1080278.0,35.0,39030,37983
198.6008927822113,0.0,32.0,20495755370.726284,1081430.0,35.0,39083,38028
198.80162644386292,0.8,32.0,20495755366.0224,1082617.0,35.0,39116,38061
199.01108574867249,0.4,32.0,20495755367.57968,1083835.0,35.0,39156,38098
199.21160078048706,0.4,32.0,20495755368.273888,1084990.0,35.0,39207,38145
199.38432145118713,0.5,32.0,20495755357.63923,1086132.0,35.0,39238,38175
199.67300939559937,0.3,32.0,20495755409.84459,1086865.0,35.0,39291,38224
199.84250617027283,0.5,32.0,20495755302.955418,1088719.0,35.0,39324,38259
200.03072047233582,0.9,32.0,20495755398.83,1089392.0,35.0,39357,38290
200.23581433296204,0.0,32.0,20495755371.475056,1090534.0,35.0,39396,38327
200.44021129608154,0.0,32.0,20495755372.48003,1091675.0,35.0,39436,38370
200.6458809375763,0.8,32.0,20495755372.871094,1092818.0,35.0,39484,38416
200.85069370269775,0.4,32.0,20495755372.700855,1093965.0,37.0,39519,38450
201.0561990737915,0.4,32.0,20495755373.805557,1095106.0,37.0,39563,38492
201.26658272743225,1.2,32.0,20495755374.935116,1096254.0,37.0,39605,38532
201.46488666534424,0.0,32.0,20495755371.058815,1097406.0,37.0,39648,38575
201.66829228401184,0.8,32.0,20495755373.327236,1098553.0,37.0,39700,38619
201.86829447746277,0.0,32.0,20495755370.675606,1099726.0,35.0,39732,38652
202.0778739452362,0.4,32.0,20495755394.566566,1100565.0,35.0,39786,38700
202.2685420513153,0.4,32.0,20495755369.541607,1101706.0,35.0,39812,38725
202.46905970573425,0.4,32.0,20495755373.354454,1102859.0,35.0,39850,38764
202.6695191860199,0.4,32.0,20495755373.859676,1104008.0,35.0,39890,38802
202.8702516555786,0.8,32.0,20495755373.87797,1105157.0,35.0,39924,38837
203.07034301757812,0.8,32.0,20495755370.989685,1106355.0,35.0,39968,38880
203.2701394557953,0.0,32.0,20495755393.502647,1107199.0,35.0,40007,38917
203.47057604789734,0.8,32.0,20495755374.414726,1108348.0,35.0,40040,38954
203.6029999256134,0.0,32.0,20495755337.617348,1109498.0,35.0,40067,38979
203.87216782569885,0.3,32.0,20495755417.922222,1110146.0,35.0,40110,39029
204.071537733078,0.4,32.0,20495755353.428074,1111633.0,35.0,40153,39070
204.2715539932251,0.4,32.0,20495755376.454296,1112782.0,35.0,40192,39110
204.46952843666077,0.8,32.0,20495755374.813198,1113944.0,35.0,40239,39155
204.67098712921143,0.8,32.0,20495755377.005676,1115095.0,35.0,40278,39189
204.87150382995605,0.8,32.0,20495755369.85948,1116352.0,35.0,40311,39227
205.07185888290405,0.0,32.0,20495755398.47017,1117161.0,35.0,40357,39271
205.27221941947937,0.4,32.0,20495755376.801926,1118311.0,37.0,40396,39308
205.4723572731018,0.4,32.0,20495755378.131027,1119455.0,37.0,40436,39347
205.6636459827423,0.4,32.0,20495755373.83653,1120609.0,37.0,40476,39387
205.87454628944397,0.8,32.0,20495755380.94806,1121774.0,37.0,40510,39421
206.07504677772522,0.0,32.0,20495755378.141544,1122929.0,37.0,40553,39462
206.27494740486145,0.0,32.0,20495755377.655178,1124085.0,37.0,40588,39495
206.4744234085083,0.4,32.0,20495755378.726704,1125229.0,37.0,40625,39535
206.67435097694397,0.8,32.0,20495755402.867702,1125999.0,37.0,40666,39573
206.79549860954285,0.0,32.0,20495755331.23638,1127143.0,37.0,40693,39602
206.99485278129578,0.4,32.0,20495755413.882908,1127762.0,37.0,40728,39636
207.21165871620178,0.0,32.0,20495755383.144653,1128944.0,37.0,40777,39684
207.4083592891693,0.0,32.0,20495755376.466175,1130137.0,35.0,40820,39727
207.59247970581055,1.4,32.0,20495755374.888607,1131279.0,35.0,40863,39763
207.8221926689148,0.0,32.0,20495755390.412003,1132425.0,35.0,40899,39799
208.0244119167328,0.4,32.0,20495755382.11059,1133569.0,35.0,40946,39841
208.22394847869873,0.4,32.0,20495755381.276417,1134714.0,35.0,40987,39882
208.43460607528687,0.4,32.0,20495755385.591976,1135860.0,35.0,41026,39921
208.6339111328125,1.3,32.0,20495755381.780052,1137005.0,35.0,41065,39958
208.8387839794159,0.4,32.0,20495755382.206066,1138184.0,35.0,41099,39992
209.04415726661682,0.0,32.0,20495755384.520016,1139328.0,35.0,41142,40034
209.24835586547852,0.4,32.0,20495755384.118465,1140478.0,35.0,41181,40071
209.4519259929657,0.4,32.0,20495755402.00975,1141341.0,35.0,41220,40113
209.57629919052124,0.7,32.0,20495755338.205814,1142489.0,35.0,41246,40137
209.69198036193848,0.0,32.0,20495755384.867332,1143153.0,35.0,41266,40158
209.8622076511383,0.5,32.0,20495755409.56037,1143777.0,35.0,41299,40194
210.06712365150452,0.0,32.0,20495755385.55515,1144915.0,35.0,41338,40230
210.2749800682068,0.4,32.0,20495755386.843678,1146065.0,35.0,41377,40270
210.47051692008972,0.0,32.0,20495755383.44016,1147203.0,37.0,41428,40321
210.68166518211365,0.4,32.0,20495755389.05153,1148347.0,37.0,41472,40360
210.8783073425293,0.4,32.0,20495755383.463177,1149497.0,37.0,41504,40393
211.07721209526062,0.0,32.0,20495755404.318115,1150342.0,37.0,41559,40441
211.2771294116974,0.8,32.0,20495755385.76146,1151486.0,37.0,41592,40475
211.47856640815735,0.0,32.0,20495755386.026173,1152642.0,35.0,41631,40514
211.67829608917236,0.4,32.0,20495755383.74986,1153831.0,35.0,41665,40546
211.8792655467987,0.0,32.0,20495755387.05954,1154977.0,35.0,41694,40576
212.07973957061768,0.0,32.0,20495755386.543915,1156132.0,35.0,41742,40627
212.27971959114075,0.4,32.0,20495755406.061874,1156978.0,35.0,41775,40668
212.4799563884735,0.4,32.0,20495755387.123657,1158129.0,35.0,41815,40711
212.6799280643463,0.0,32.0,20495755387.198822,1159289.0,37.0,41855,40748
